Год/Церемония	Фильм	Кинокомпания(и)	Продюсер(ы)	Ссылки
1929	Крылья	Paramount Pictures, Famous Players-Lasky	Люсьен Хаббард	#cite_note-2
1929	Рэкет	Caddo, Paramount	Говард Хьюз	#cite_note-2
1929	Седьмое небо	Fox Film Corporation	Уильям Фокс	#cite_note-2
1930-I	Бродвейская мелодия	Metro-Goldwyn-Mayer	Ирвинг Талберг, Лоуренс Уэйнгартен	#cite_note-3
1930-I	Алиби	Feature Productions, United Artists	Роланд Уэст	#cite_note-3
1930-I	Голливудское ревю 1929 года	Metro-Goldwyn-Mayer	Гарри Рапф	#cite_note-3
1930-I	В старой Аризоне	Fox Film Corporation	Уинфилд Шихэн	#cite_note-3
1930-I	Патриот	Paramount Pictures	Эрнст Любич	#cite_note-3
1930-II	На западном фронте без перемен	Universal	Карл Леммле-мл.	#cite_note-4
1930-II	Казённый дом	Metro-Goldwyn-Mayer	Ирвинг Талберг	#cite_note-4
1930-II	Дизраэли	Warner Bros.	Джек Уорнер, Дэррил Фрэнсис Занук	#cite_note-4
1930-II	Парад любви	Paramount	Эрнст Любич	#cite_note-4
1930-II	Развод	Metro-Goldwyn-Mayer	Роберт Леонард	#cite_note-4
1931	Симаррон	RKO Radio Pictures	Уильям Лебарон	#cite_note-5
1931	Ист Линн	Fox Film Corporation	Уинфилд Шихэн	#cite_note-5
1931	Первая полоса	Caddo, United Artists	Говард Хьюз	#cite_note-5
1931	Скиппи	Paramount	Адольф Цукор	#cite_note-5
1931	Рожок торговца	Metro-Goldwyn-Mayer	Ирвинг Талберг	#cite_note-5
1932	Гранд-отель	Metro-Goldwyn-Mayer	Ирвинг Тальберг	#cite_note-6
1932	Эрроусмит	Goldwyn, United Artists	Сэмюэл Голдвин	#cite_note-6
1932	Плохая девчонка	Fox Film Corporation	Уинфилд Шихэн	#cite_note-6
1932	Чемпион	Metro-Goldwyn-Mayer	Кинг Видор	#cite_note-6
1932	Пятизвёздочный финал	First National	Хэл Б. Уоллис	#cite_note-6
1932	Один час с тобой	Paramount	Эрнст Любич	#cite_note-6
1932	Шанхайский экспресс	Paramount	Адольф Цукор	#cite_note-6
1932	Улыбающийся лейтенант	Paramount	Эрнст Любич	#cite_note-6
1934	Кавалькада	Fox Film Corporation	Уинфилд Шихэн	#cite_note-7
1934	Прощай, оружие!	Paramount	Адольф Цукор	#cite_note-7
1934	42-я улица	Warner Bros.	Дэррил Фрэнсис Занук	#cite_note-7
1934	Я — беглый каторжник	Warner Bros.	Хэл Б. Уоллис	#cite_note-7
1934	Леди на один день	Columbia Pictures	Фрэнк Капра	#cite_note-7
1934	Маленькие женщины	RKO Radio	Мериан К. Купер, Кеннет МакГауэн	#cite_note-7
1934	Частная жизнь Генриха VIII	London Films, United Artists	Александр Корда	#cite_note-7
1934	Она была неправа	Paramount	Уильям ЛеБарон	#cite_note-7
1934	Улыбка вопреки	Metro-Goldwyn-Mayer	Ирвинг Тальберг	#cite_note-7
1934	Ярмарки штата	Fox Film Corporation	Уинфилд Шихэн	#cite_note-7
1935	Это случилось однажды ночью	Columbia Pictures	Фрэнк Капра, Гарри Кон	#cite_note-8
1935	Барретты с Уимпоул-стрит	Metro-Goldwyn-Mayer	Ирвинг Тальберг	#cite_note-8
1935	Клеопатра	Paramount Pictures	Сесил Блаунт Демилль	#cite_note-8
1935	Дорожка флирта	First National	Джек Уорнер, Хэл Б. Уоллис, Роберт Лорд	#cite_note-8
1935	Весёлая разведённая	Warner Bros.	Лу Эдельман	#cite_note-8
1935	В дело вступает флот	RKO Radio	Мериан К. Купер, Кеннет МакГауэн	#cite_note-8
1935	Дом Ротшильдов	20th Century Fox, United Artists	Дэррил Фрэнсис Занук, Уильям Гетц, Рэймонд Гриффит	#cite_note-8
1935	Имитация жизни	Universal	Джон М. Стал	#cite_note-8
1935	Тонкий человек	Metro-Goldwyn-Mayer	Хант Стромберг	#cite_note-8
1935	Одна ночь любви	Columbia Pictures	Гарри Кон, Эверетт Рискин	#cite_note-8
1935	Вива Вилья!	Metro-Goldwyn-Mayer	Дэвид Селзник	#cite_note-8
1935	Белый парад	Fox Film Corporation	Джесси Ласки	#cite_note-8
1936	Мятеж на „Баунти“	Metro-Goldwyn-Mayer	Ирвинг Тальберг, Альберт Левин	#cite_note-9
1936	Элис Адамс	RKO Radio	Пендро С. Берман	#cite_note-9
1936	Бродвейская мелодия 1936 года	Metro-Goldwyn-Mayer	Джон В. Консидайн мл.	#cite_note-9
1936	Одиссея капитана Блада	Warner Bros., Cosmopolitan	Гарри Джо Браун, Хэл Б. Уоллис, Гордон Холлингшед	#cite_note-9
1936	Дэвид Копперфильд	Metro-Goldwyn-Mayer	Дэвид Селзник	#cite_note-9
1936	Осведомитель	RKO Radio	Джон Форд	#cite_note-9
1936	Дела и дни бенгальского улана	Paramount Pictures	Луис Д. Лайтон	#cite_note-9
1936	Сон в летнюю ночь	Warner Bros.	Хенри Блэнк	#cite_note-9
1936	Отверженные	20th Century, United Artists	Дэррил Фрэнсис Занук	#cite_note-9
1936	Капризная Мариетта	Metro-Goldwyn-Mayer	Хант Стромберг	#cite_note-9
1936	Рагглз из Ред-Гэп	Paramount Pictures	Артур Хорнблоу мл.	#cite_note-9
1936	Цилиндр	RKO Radio	Пендро С. Берман	#cite_note-9
1937	Великий Зигфелд	Metro-Goldwyn-Mayer	Хант Стромберг	#cite_note-10
1937	Энтони Несчастный	Warner Bros.	Хенри Блэнк	#cite_note-10
1937	Додсворт	Goldwyn, United Artists	Сэмюэл Голдвин, Мерритт Халберт	#cite_note-10
1937	Оклеветанная	Metro-Goldwyn-Mayer	Лоуренс Уайнгартен	#cite_note-10
1937	Мистер Дидс переезжает в город	Columbia Pictures	Фрэнк Капра	#cite_note-10
1937	Ромео и Джульетта	Metro-Goldwyn-Mayer	Ирвинг Тальберг	#cite_note-10
1937	Сан-Франциско	Metro-Goldwyn-Mayer	Джон Эмерсон, Бернард Х. Химэн	#cite_note-10
1937	Повесть о Луи Пастере	Warner Bros.	Хенри Блэнк	#cite_note-10
1937	История двух городов	Metro-Goldwyn-Mayer	Дэвид Селзник	#cite_note-10
1937	Три милые девушки	Universal Pictures	Джо Пастернак, Чарльз Р. Роджерс	#cite_note-10
1938	Жизнь Эмиля Золя	Warner Bros.	Хенри Блэнк	#cite_note-11
1938	Горькая правда	Columbia Pictures	Лео МакКери, Эверетт Рискин	#cite_note-11
1938	Отважные капитаны	Metro-Goldwyn-Mayer	Луис Д. Лайтон	#cite_note-11
1938	Тупик	Goldwyn, United Artists	Сэмюэл Голдвин, Мерритт Халберт	#cite_note-11
1938	Благословенная земля	Metro-Goldwyn-Mayer	Ирвинг Тальберг, Альберт Левин	#cite_note-11
1938	В старом Чикаго	20th Century Fox	Дэррил Фрэнсис Занук, Кеннет МакГауэн	#cite_note-11
1938	Потерянный горизонт	Columbia Pictures	Фрэнк Капра	#cite_note-11
1938	Сто мужчин и одна девушка	Universal Pictures	Джо Пастернак, Чарльз Р. Роджерс	#cite_note-11
1938	Дверь на сцену	RKO Radio	Пендро С. Берман	#cite_note-11
1938	Звезда родилась	Selznick International, United Artists	Дэвид Селзник	#cite_note-11
1939	С собой не унесёшь	Columbia Pictures	Фрэнк Капра	#cite_note-12
1939	Приключения Робин Гуда	Warner Bros.	Хэл Б. Уоллис, Хенри Блэнк	#cite_note-12
1939	Регтайм-бэнд Александра	20th Century Fox	Дэррил Фрэнсис Занук, Гарри Джо Браун	#cite_note-12
1939	Город мальчиков	Metro-Goldwyn-Mayer	Джон В. Консидайн мл.	#cite_note-12
1939	Цитадель	Metro-Goldwyn-Mayer	Виктор Сэвилл	#cite_note-12
1939	Четыре дочери	Warner Bros., First National	Хенри Блэнк, Хэл Б. Уоллис	#cite_note-12
1939	Великая иллюзия	R. A. O., World Pictures	Альберт Пинкович, Фрэнк Роллмер	#cite_note-12
1939	Иезавель	Warner Bros.	Хенри Блэнк, Хэл Б. Уоллис	#cite_note-12
1939	Пигмалион	Metro-Goldwyn-Mayer	Габриэль Паскаль	#cite_note-12
1939	Лётчик-испытатель	Metro-Goldwyn-Mayer	Луис Д. Лайтон	#cite_note-12
1940	Унесённые ветром	Selznick, Metro-Goldwyn-Mayer	Дэвид Селзник	#cite_note-13
1940	Победить темноту	Warner Bros.	Дэвид Льюис	#cite_note-13
1940	До свиданья, мистер Чипс	Metro-Goldwyn-Mayer	Виктор Сэвилл	#cite_note-13
1940	Любовный роман	RKO Radio	Лео МакКери	#cite_note-13
1940	Мистер Смит едет в Вашингтон	Columbia Pictures	Фрэнк Капра	#cite_note-13
1940	Ниночка	Metro-Goldwyn-Mayer	Сидни Фрэнклин	#cite_note-13
1940	О мышах и людях	Roach, United Artists	Льюис Майлстоун	#cite_note-13
1940	Дилижанс	United Artists	Уолтер Уэнджер	#cite_note-13
1940	Волшебник страны Оз	Metro-Goldwyn-Mayer	Мервин Лерой	#cite_note-13
1940	Грозовой перевал	Goldwyn, United Artists	Сэмюэл Голдвин	#cite_note-13
1941	Ребекка	Selznick, United Artists	Дэвид Селзник	#cite_note-14
1941	Всё это и небо в придачу	Warner Bros.	Джек Уорнер, Хэл Б. Уоллис, Дэвид Льюис	#cite_note-14
1941	Иностранный корреспондент	Wanger, United Artists	Уолтер Уэнджер	#cite_note-14
1941	Гроздья гнева	20th Century Fox	Дэррил Фрэнсис Занук, Наннэлли Джонсон	#cite_note-14
1941	Великий диктатор	Chaplin, United Artists	Чарли Чаплин	#cite_note-14
1941	Китти Фойл	RKO Radio	Дэвид Хемпстид	#cite_note-14
1941	Письмо	Warner Bros.	Хэл Б. Уоллис	#cite_note-14
1941	Долгий путь домой	Argosy, Wanger, United Artists	Джон Форд	#cite_note-14
1941	Наш городок	Lesser, United Artists	Сол Лессер	#cite_note-14
1941	Филадельфийская история	Metro-Goldwyn-Mayer	Джозеф Лео Манкевич	#cite_note-14
1942	Как зелена была моя долина	20th Century Fox	Дэррил Фрэнсис Занук	#cite_note-15
1942	Цветы в пыли	Metro-Goldwyn-Mayer	Ирвинг Эшер	#cite_note-15
1942	Гражданин Кейн	RKO Radio	Орсон Уэллс	#cite_note-15
1942	А вот и мистер Джордан	Columbia Pictures	Эверетт Рискин	#cite_note-15
1942	Задержите рассвет	Paramount Pictures	Артур Хорнблоу мл.	#cite_note-15
1942	Лисички	RKO Radio	Сэмюэл Голдвин	#cite_note-15
1942	Мальтийский сокол	Warner Bros.	Хэл Б. Уоллис	#cite_note-15
1942	Один шаг в раю	Warner Bros.	Хэл Б. Уоллис	#cite_note-15
1942	Сержант Йорк	Warner Bros.	Хэл Б. Уоллис, Джесси Ласки	#cite_note-15
1942	Подозрение	RKO Radio	Альфред Хичкок	#cite_note-15
1943	Миссис Минивер	Metro-Goldwyn-Mayer	Сидни Фрэнклин	#cite_note-16
1943	49-я параллель	GFD, Columbia Pictures	Майкл Пауэлл	#cite_note-16
1943	Кингс Роу	Warner Bros.	Хэл Б. Уоллис	#cite_note-16
1943	Великолепные Эмберсоны	Mercury, RKO Radio	Орсон Уэллс	#cite_note-16
1943	Волынщик	20th Century Fox	Наннэлли Джонсон	#cite_note-16
1943	Гордость янки	Goldwyn, RKO Radio	Сэмюэл Голдвин	#cite_note-16
1943	Случайная жатва	Metro-Goldwyn-Mayer	Сидни Фрэнклин	#cite_note-16
1943	Город говорит	Columbia Pictures	Джордж Стивенс	#cite_note-16
1943	Атолл Уэйк	Paramount Pictures	Джозеф Систром	#cite_note-16
1943	Янки Дудл Денди	Warner Bros.	Джек Уорнер, Хэл Б. Уоллис, Уильям Кэгни	#cite_note-16
1944	Касабланка	Warner Bros.	Хэл Б. Уоллис	#cite_note-17
1944	По ком звонит колокол	Paramount Pictures	Сэм Вуд	#cite_note-17
1944	Небеса могут подождать	20th Century Fox	Эрнст Любич	#cite_note-17
1944	Человеческая комедия	Metro-Goldwyn-Mayer	Кларенс Браун	#cite_note-17
1944	В котором мы служим	United Artists	Ноэл Кауард	#cite_note-17
1944	Мадам Кюри	Metro-Goldwyn-Mayer	Сидни Фрэнклин	#cite_note-17
1944	В тесноте да не в обиде	Columbia Pictures	Джордж Стивенс	#cite_note-17
1944	Случай в Окс-Боу	20th Century Fox	Ламар Тротти	#cite_note-17
1944	Песня Бернадетт	20th Century Fox	Уильям Перлберг	#cite_note-17
1944	Дозор на Рейне	Warner Bros.	Хэл Б. Уоллис	#cite_note-17
1945	Идти своим путём	Paramount Pictures	Лео МакКери	#cite_note-18
1945	Двойная страховка	Paramount Pictures	Джозеф Систром	#cite_note-18
1945	Газовый свет	Metro-Goldwyn-Mayer	Артур Хорнблоу мл.	#cite_note-18
1945	С тех пор как вы ушли	Selznick, United Artists	Дэвид Селзник	#cite_note-18
1945	Вильсон	20th Century Fox	Дэррил Фрэнсис Занук	#cite_note-18
1946	Потерянный уикэнд	Paramount Pictures	Чарльз Брэкетт	#cite_note-19
1946	Поднять якоря	Metro-Goldwyn-Mayer	Джо Пастернак	#cite_note-19
1946	Колокола Святой Марии	RKO Radio	Лео МакКери	#cite_note-19
1946	Милдред Пирс	Warner Bros.	Джерри Уолд	#cite_note-19
1946	Заворожённый	United Artists	Дэвид Селзник	#cite_note-19
1947	Лучшие годы нашей жизни	RKO Radio	Сэмюэл Голдвин	#cite_note-20
1947	Генрих V	United Artists	Лоуренс Оливье	#cite_note-20
1947	Эта прекрасная жизнь	RKO Radio	Фрэнк Капра	#cite_note-20
1947	Остриё бритвы	20th Century Fox	Дэррил Фрэнсис Занук	#cite_note-20
1947	Оленёнок	Metro-Goldwyn-Mayer	Сидни Фрэнклин	#cite_note-20
1948	Джентльменское соглашение	20th Century Fox	Дэррил Фрэнсис Занук	#cite_note-21
1948	Жена епископа	RKO Radio	Сэмюэл Голдвин	#cite_note-21
1948	Перекрёстный огонь	RKO Radio	Адриан Скотт	#cite_note-21
1948	Большие надежды	Rank-Cineguild, U-I	Рональд Ним	#cite_note-21
1948	Чудо на 34-й улице	20th Century Fox	Уильям Перлберг	#cite_note-21
1949	Гамлет	Two Cities Films, Universal International	Лоуренс Оливье	#cite_note-22
1949	Джонни Белинда	Warner Bros.	Джерри Уолд	#cite_note-22
1949	Красные башмачки	Rank Organisation, Powell and Pressburger, Eagle-Lion Films	Майкл Пауэлл, Эмерих Прессбургер	#cite_note-22
1949	Змеиная яма	20th Century Fox	Анатоль Литвак, Роберт Басслер	#cite_note-22
1949	Сокровища Сьерра-Мадре	Warner Bros.	Хенри Блэнк	#cite_note-22
1950	Вся королевская рать	Rossen, Columbia Pictures	Роберт Россен	#cite_note-23
1950	Поле битвы	Metro-Goldwyn-Mayer	Дори Скэри	#cite_note-23
1950	Наследница	Paramount Pictures	Уильям Уайлер	#cite_note-23
1950	Письмо трём жёнам	20th Century Fox	Сол Сигел	#cite_note-23
1950	Вертикальный взлёт	20th Century Fox	Дэррил Фрэнсис Занук	#cite_note-23
1951	Всё о Еве	20th Century Fox	Дэррил Фрэнсис Занук	#cite_note-24
1951	Рождённая вчера	Columbia Pictures	Сильвен Саймон	#cite_note-24
1951	Отец невесты	Metro-Goldwyn-Mayer	Сэм Зимбалист	#cite_note-24
1951	Копи царя Соломона	Metro-Goldwyn-Mayer	Сэм Зимбалист	#cite_note-24
1951	Бульвар Сансет	Paramount Pictures	Чарльз Брэкетт	#cite_note-24
1952	Американец в Париже	Metro-Goldwyn-Mayer	Артур Фрид	#cite_note-25
1952	Решение перед рассветом	20th Century Fox	Анатоль Литвак, Фрэнк МакКерти	#cite_note-25
1952	Место под солнцем	Paramount Pictures	Джордж Стивенс	#cite_note-25
1952	Камо грядеши	Metro-Goldwyn-Mayer	Сэм Зимбалист	#cite_note-25
1952	Трамвай „Желание“	Warner Bros.	Чарлз К. Фелдмэн	#cite_note-25
1953	Величайшее шоу мира	Paramount Pictures	Сесил Блаунт Демилль	#cite_note-26
1953	Ровно в полдень	United Artists	Стэнли Крамер	#cite_note-26
1953	Айвенго	Metro-Goldwyn-Mayer	Пендро С. Берман	#cite_note-26
1953	Мулен Руж	United Artists	Джон Хьюстон	#cite_note-26
1953	Тихий человек	Republic	Джон Форд, Мериан К. Купер	#cite_note-26
1954	Отныне и во веки веков	Columbia Pictures	Бадди Адлер	#cite_note-27
1954	Юлий Цезарь	Metro-Goldwyn-Mayer	Джон Хаусман	#cite_note-27
1954	Плащаница	20th Century Fox	Фрэнк Росс	#cite_note-27
1954	Римские каникулы	Paramount Pictures	Уильям Уайлер	#cite_note-27
1954	Шейн	Paramount Pictures	Джордж Стивенс	#cite_note-27
1955	В порту	Columbia Pictures	Сэм Шпигель	#cite_note-28
1955	Бунт на «Кейне»	Columbia Pictures	Стэнли Крамер	#cite_note-28
1955	Деревенская девушка	Paramount Pictures	Уильям Перлберг	#cite_note-28
1955	Семь невест для семерых братьев	Metro-Goldwyn-Mayer	Джек Каммингс	#cite_note-28
1955	Три монетки в фонтане	20th Century Fox	Сол Сигел	#cite_note-28
1956	Марти	United Artists	Гарольд Хехт	#cite_note-29
1956	Любовь — самая великолепная вещь на свете	20th Century Fox	Бадди Адлер	#cite_note-29
1956	Мистер Робертс	Warner Bros.	Лилэнд Хэйуорд	#cite_note-29
1956	Пикник	Columbia Pictures	Фред Колмар	#cite_note-29
1956	Татуированная роза	Paramount Pictures	Хэл Б. Уоллис	#cite_note-29
1957	Вокруг света за 80 дней	United Artists	Майкл Тодд	#cite_note-30
1957	Дружеское увещевание	Allied Artists	Уильям Уайлер	#cite_note-30
1957	Гигант	Warner Bros.	Джордж Стивенс, Генри Гинсберг	#cite_note-30
1957	Король и я	20th Century Fox	Чарльз Брэкетт	#cite_note-30
1957	Десять заповедей	Paramount Pictures	Сесил Блаунт Демилль	#cite_note-30
1958	Мост через реку Квай	Columbia Pictures	Сэм Шпигель	#cite_note-31
1958	Пейтон-плейс	20th Century Fox	Джерри Уолд	#cite_note-31
1958	Сайонара	Warner Bros.	Уильям Гетц	#cite_note-31
1958	12 разгневанных мужчин	United Artists	Генри Фонда, Реджинальд Роуз	#cite_note-31
1958	Свидетель обвинения	United Artists	Артур Хорнблоу мл.	#cite_note-31
1959	Жижи	Metro-Goldwyn-Mayer	Артур Фрид	#cite_note-32
1959	Тётушка Мэйм	Warner Bros.	Джек Уорнер	#cite_note-32
1959	Кошка на раскалённой крыше	Metro-Goldwyn-Mayer	Лоуренс Уайнгартен	#cite_note-32
1959	Не склонившие головы	Kramer, United Artists	Стэнли Крамер	#cite_note-32
1959	За отдельными столиками	United Artists	Гарольд Хехт	#cite_note-32
1960	Бен-Гур	Metro-Goldwyn-Mayer	Сэм Цимбалист	#cite_note-33
1960	Анатомия убийства	Columbia Pictures	Отто Премингер	#cite_note-33
1960	Дневник Анны Франк	20th Century Fox	Джордж Стивенс	#cite_note-33
1960	История монахини	Warner Bros.	Хенри Блэнк	#cite_note-33
1960	Путь наверх	Continental, British Lion Films	Джеймс Вульф, Джон Вулф	#cite_note-33
1961	Квартира	United Artists	Билли Уайлдер	#cite_note-34
1961	Форт Аламо	United Artists	Джон Уэйн	#cite_note-34
1961	Элмер Гантри	United Artists	Бернард Смит	#cite_note-34
1961	Сыновья и любовники	20th Century Fox	Джерри Уолд	#cite_note-34
1961	Бродяги	Warner Bros.	Фред Циннеман	#cite_note-34
1962	Вестсайдская история	United Artists	Роберт Уайз	#cite_note-35
1962	Фанни	Warner Bros.	Джошуа Логан	#cite_note-35
1962	Пушки острова Наварон	Columbia Pictures	Карл Форман	#cite_note-35
1962	Мошенник	20th Century Fox	Роберт Россен	#cite_note-35
1962	Нюрнбергский процесс	United Artists	Стэнли Крамер	#cite_note-35
1963	Лоуренс Аравийский	Columbia Pictures	Сэм Шпигель	#cite_note-36
1963	Самый длинный день	20th Century Fox	Дэррил Фрэнсис Занук	#cite_note-36
1963	Музыкант	Warner Bros.	Мортон ДаКоста	#cite_note-36
1963	Мятеж на „Баунти“	Metro-Goldwyn-Mayer	Аарон Розенберг	#cite_note-36
1963	Убить пересмешника	U-I	Алан Пакула	#cite_note-36
1964	Том Джонс	United Artists	Тони Ричардсон	#cite_note-37
1964	Америка, Америка	Warner Bros.	Элиа Казан	#cite_note-37
1964	Клеопатра	20th Century Fox	Уолтер Уэнджер	#cite_note-37
1964	Как был завоёван Запад	Metro-Goldwyn-Mayer, Cinerama	Бернард Смит	#cite_note-37
1964	Полевые лилии	United Artists	Ральф Нельсон	#cite_note-37
1965	Моя прекрасная леди	Warner Bros.	Джек Уорнер	#cite_note-38
1965	Бекет	Paramount Pictures	Хэл Б. Уоллис	#cite_note-38
1965	Доктор Стрейнджлав	Columbia Pictures	Стэнли Кубрик	#cite_note-38
1965	Мэри Поппинс	The Walt Disney Company	Уолт Дисней, Билл Уолш	#cite_note-38
1965	Грек Зорба	20th Century Fox	Михалис Какояннис	#cite_note-38
1966	Звуки музыки	20th Century Fox	Роберт Уайз	#cite_note-39
1966	Дорогая	Embassy	Джон Шлезингер	#cite_note-39
1966	Доктор Живаго	Metro-Goldwyn-Mayer	Карло Понти	#cite_note-39
1966	Корабль дураков	Columbia Pictures	Стэнли Крамер	#cite_note-39
1966	Тысяча клоунов	United Artists	Фред Коу	#cite_note-39
1967	Человек на все времена	Columbia Pictures	Фред Циннеман	#cite_note-40
1967	Элфи	Paramount Pictures	Льюис Гилберт	#cite_note-40
1967	Русские идут! Русские идут!	United Artists	Норман Джуисон	#cite_note-40
1967	Песчаная галька	20th Century Fox	Роберт Уайз	#cite_note-40
1967	Кто боится Вирджинии Вулф?	Warner Bros.	Эрнест Леман	#cite_note-40
1968	Душной южной ночью	United Artists	Уолтер Мириш	#cite_note-41
1968	Бонни и Клайд	Warner Bros., Seven Arts	Уоррен Битти	#cite_note-41
1968	Доктор Дулиттл	20th Century Fox	Артур Джейкобс	#cite_note-41
1968	Выпускник	Embassy	Лоуренс Турман	#cite_note-41
1968	Угадай, кто придёт к обеду?	Columbia Pictures	Стэнли Крамер	#cite_note-41
1969	Оливер!	Columbia Pictures	Джон Вулф	#cite_note-42
1969	Смешная девчонка	Columbia Pictures	Рэй Старк	#cite_note-42
1969	Лев зимой	Avco Embassy	Мартин Полл	#cite_note-42
1969	Рейчел, Рейчел	Warner Bros.	Пол Ньюман	#cite_note-42
1969	Ромео и Джульетта	Paramount Pictures	Энтони Хейвлок-Аллан, Джон Брабурн	#cite_note-42
1970	Полуночный ковбой	United Artists	Джером Хеллман	#cite_note-43
1970	Тысяча дней Анны	Universal Pictures	Хэл Б. Уоллис	#cite_note-43
1970	Бутч Кэссиди и Санденс Кид	20th Century Fox	Джон Формен	#cite_note-43
1970	Хелло, Долли!	20th Century Fox	Эрнест Леман	#cite_note-43
1970	Дзета	Cinema V	Жак Перрен, Ахмед Рашеди	#cite_note-43
1971	Паттон	20th Century Fox	Фрэнк МакКерти	#cite_note-44
1971	Аэропорт	Universal Pictures	Росс Хантер	#cite_note-44
1971	Пять лёгких пьес	Columbia Pictures	Боб Рейфелсон, Ричард Уэкслер	#cite_note-44
1971	История любви	Paramount Pictures	Ховард Дж. Мински	#cite_note-44
1971	Военно-полевой госпиталь	20th Century Fox	Инго Премингер	#cite_note-44
1972	Французский связной	20th Century Fox	Филип Д’Антони	#cite_note-45
1972	Заводной апельсин	Warner Bros.	Стэнли Кубрик	#cite_note-45
1972	Скрипач на крыше	United Artists	Норман Джуисон	#cite_note-45
1972	Последний киносеанс	Columbia Pictures	Стивен Дж. Фридман	#cite_note-45
1972	Николай и Александра	Columbia Pictures	Сэм Шпигель	#cite_note-45
1973	Крёстный отец	Paramount Pictures	Альберт С. Радди	#cite_note-46
1973	Кабаре	Allied Artists	Сай Фойер	#cite_note-46
1973	Избавление	Warner Bros.	Джон Бурмен	#cite_note-46
1973	Эмигранты	Warner Bros.	Бенгт Форслунд	#cite_note-46
1973	Саундер	20th Century Fox	Роберт Б. Радниц	#cite_note-46
1974	Афера	Universal Pictures	Тони Билл, Майкл Филлипс, Джулия Филлипс	#cite_note-47
1974	Американские граффити	Lucasfilm, Universal	Фрэнсис Форд Коппола, Гари Кёртц	#cite_note-47
1974	Шёпоты и крики	New World Pictures	Ингмар Бергман	#cite_note-47
1974	Изгоняющий дьявола	Warner Bros.	Уильям Питер Блэтти	#cite_note-47
1974	С шиком	Avco Embassy	Мелвин Фрэнк	#cite_note-47
1975	Крёстный отец 2	Paramount Pictures	Фрэнсис Форд Коппола, Грэй Фредериксон, Фред Рус	#cite_note-48
1975	Китайский квартал	Paramount Pictures	Роберт Эванс	#cite_note-48
1975	Разговор	Paramount Pictures	Фрэнсис Форд Коппола	#cite_note-48
1975	Ленни	United Artists	Марвин Ворф	#cite_note-48
1975	Ад в поднебесье	20th Century Fox, Warner Bros.	Ирвин Аллен	#cite_note-48
1976	Пролетая над гнездом кукушки	United Artists	Саул Зейнц, Майкл Дуглас	#cite_note-49
1976	Барри Линдон	Warner Bros.	Стэнли Кубрик	#cite_note-49
1976	Собачий полдень	Warner Bros.	Мартин Брегман, Мартин Элфэнд	#cite_note-49
1976	Челюсти	Universal Pictures	Ричард Дэррил Занук, Дэвид Браун	#cite_note-49
1976	Нэшвилл	Paramount Pictures	Роберт Олтмен	#cite_note-49
1977	Рокки	United Artists	Ирвин Уинклер, Роберт Чартофф	#cite_note-50
1977	Вся президентская рать	Warner Bros.	Уолтер Кобленц	#cite_note-50
1977	На пути к славе	United Artists	Роберт Ф. Блюмоф, Харольд Левенталь	#cite_note-50
1977	Телесеть	Metro-Goldwyn-Mayer, United Artists	Ховард Готтфрид	#cite_note-50
1977	Таксист	Columbia Pictures	Майкл Филлипс, Джулия Филлипс	#cite_note-50
1978	Энни Холл	United Artists	Чарльз Йоффе	#cite_note-51
1978	До свидания, дорогая	Metro-Goldwyn-Mayer, Warner Bros.	Рэй Старк	#cite_note-51
1978	Джулия	20th Century Fox	Ричард Рот	#cite_note-51
1978	Звёздные войны. Эпизод IV: Новая надежда	Lucasfilm, 20th Century Fox	Гари Кёртц	#cite_note-51
1978	Поворотный пункт	20th Century Fox	Герберт Росс, Артур Лорентс	#cite_note-51
1979	Охотник на оленей	Universal Pictures	Барри Спайкингс, Майкл Дили, Майкл Чимино, Джон Певерэлл	#cite_note-52
1979	Возвращение домой	United Artists	Джером Хеллман	#cite_note-52
1979	Небеса могут подождать	Paramount Pictures	Уоррен Битти	#cite_note-52
1979	Полуночный экспресс	Columbia Pictures	Алан Маршалл	#cite_note-52
1979	Незамужняя женщина	20th Century Fox	Пол Мазурски, Тони Рэй	#cite_note-52
1980	Крамер против Крамера	Columbia Pictures	Стэнли Р. Джаффе	#cite_note-53
1980	Весь этот джаз	20th Century Fox	Роберт Алан Артур	#cite_note-53
1980	Апокалипсис сегодня	United Artists	Фрэнсис Форд Коппола, Фред Рус, Грэй Фредериксон, Том Штернберг	#cite_note-53
1980	Уходя в отрыв	20th Century Fox	Питер Йетс	#cite_note-53
1980	Норма Рэй	20th Century Fox	Тамара Ассеев, Александра Роуз	#cite_note-53
1981	Обыкновенные люди	Paramount Pictures	Рональд Л. Швари	#cite_note-54
1981	Дочь шахтёра	Universal Pictures	Бернард Шварц	#cite_note-54
1981	Человек-слон	Paramount Pictures	Джонатан Сэнгер	#cite_note-54
1981	Бешеный бык	United Artists	Ирвин Уинклер, Роберт Чартофф	#cite_note-54
1981	Тэсс	Columbia Pictures	Клод Берри, Тимоти Баррилл	#cite_note-54
1982	Огненные колесницы	The Ladd Company, Warner Bros.	Дэвид Паттнэм	#cite_note-55
1982	Атлантик-Сити	Paramount Pictures	Дени Эру, Джон Кемени	#cite_note-55
1982	На золотом озере	ITC Entertainment, Universal Pictures	Брюс Гилберт	#cite_note-55
1982	В поисках утраченного ковчега	Lucasfilm, Paramount Pictures	Фрэнк Маршалл	#cite_note-55
1982	Красные	Paramount Pictures	Уоррен Битти	#cite_note-55
1983	Ганди	Columbia Pictures	Ричард Аттенборо	#cite_note-56
1983	Инопланетянин	Universal Pictures	Стивен Спилберг, Кэтлин Кеннеди	#cite_note-56
1983	Пропавший без вести	Universal Pictures	Эдвард Льюис, Милдред Льюис	#cite_note-56
1983	Тутси	Columbia Pictures	Сидни Поллак, Дик Ричардс	#cite_note-56
1983	Вердикт	20th Century Fox	Ричард Дэррил Занук, Дэвид Браун	#cite_note-56
1984	Язык нежности	Paramount Pictures	Джеймс Л. Брукс	#cite_note-57
1984	Большое разочарование	Columbia Pictures	Майкл Шамберг	#cite_note-57
1984	Костюмер	Columbia Pictures	Питер Йетс	#cite_note-57
1984	Парни что надо	Warner Bros., The Ladd Company	Ирвин Уинклер, Роберт Чартофф	#cite_note-57
1984	Нежное милосердие	EMI Films, Universal Pictures	Филип Хобел	#cite_note-57
1985	Амадей	Orion Pictures	Саул Зейнц	#cite_note-58
1985	Поля смерти	Warner Bros.	Дэвид Паттнэм	#cite_note-58
1985	Поездка в Индию	Columbia Pictures	Джон Брабурне и Ричард Гудвин	#cite_note-58
1985	Места в сердце	TriStar Pictures	Арлин Донован	#cite_note-58
1985	История солдата	Columbia Pictures	Норман Джуисон, Рональд Л. Швари, Патрик Дж. Палмер	#cite_note-58
1986	Из Африки	Universal Pictures	Сидни Поллак	#cite_note-59
1986	Цветы лиловые полей	Warner Bros.	Стивен Спилберг, Кэтлин Кеннеди, Фрэнк Маршалл, Куинси Джонс	#cite_note-59
1986	Поцелуй женщины-паука	Island Alive	Дэвид Уайсмен	#cite_note-59
1986	Честь семьи Прицци	20th Century Fox, ABC Motion Pictures	Джон Формен	#cite_note-59
1986	Свидетель	Paramount Pictures	Эдвард С. Фельдман	#cite_note-59
1987	Взвод	Orion Pictures	Арнольд Копельсон	#cite_note-60
1987	Дети меньшего бога	Paramount Pictures	Бёрт Шугарман, Патрик Дж. Палмер	#cite_note-60
1987	Ханна и её сёстры	Orion Pictures	Роберт Гринхат	#cite_note-60
1987	Миссия	Warner Bros.	Фернандо Гиа, Дэвид Паттнэм	#cite_note-60
1987	Комната с видом	Cinecom	Исмаил Мерчант	#cite_note-60
1988	Последний император	Columbia Pictures	Джереми Томас	#cite_note-61
1988	Телевизионные новости	20th Century Fox	Джеймс Л. Брукс	#cite_note-61
1988	Роковое влечение	Paramount Pictures	Стэнли Р. Джаффе, Шерри Лэнсинг	#cite_note-61
1988	Надежда и слава	Columbia Pictures	Джон Бурмен	#cite_note-61
1988	Власть луны	Metro-Goldwyn-Mayer	Патрик Дж. Палмер, Норман Джуисон	#cite_note-61
1989	Человек дождя	United Artists	Марк Джонсон	#cite_note-62
1989	Турист поневоле	Warner Bros.	Лоуренс Кэздан, Чарльз Окун, Майкл Грилло	#cite_note-62
1989	Опасные связи	Warner Bros.	Норма Хеймэн, Хэнк Мунджин	#cite_note-62
1989	Миссисипи в огне	Orion Pictures	Фредерик Золло и Роберт Ф. Коулсберри	#cite_note-62
1989	Деловая девушка	20th Century Fox	Дуглас Уик	#cite_note-62
1990	Шофёр мисс Дэйзи	Warner Bros.	Ричард Дэррил Занук, Лили Фини Занук	#cite_note-63
1990	Рождённый четвёртого июля	Universal Pictures	А. Китман Хо, Оливер Стоун	#cite_note-63
1990	Общество мёртвых поэтов	Touchstone Pictures	Стивен Хафт, Пол Юнгер Уитт, Тони Томас	#cite_note-63
1990	Поле его мечты	Universal Pictures	Лоуренс Гордон, Чарльз Гордон	#cite_note-63
1990	Моя левая нога	Miramax Films	Ноэль Пирсон	#cite_note-63
1991	Танцующий с волками	Orion Pictures	Джим Уилсон, Кевин Костнер	#cite_note-64
1991	Пробуждение	Columbia Pictures	Уолтер Ф. Паркс, Лоуренс Ласкер	#cite_note-64
1991	Привидение	Paramount Pictures	Лиза Вайнштейн	#cite_note-64
1991	Крёстный отец 3	Paramount Pictures	Фрэнсис Форд Коппола	#cite_note-64
1991	Славные парни	Warner Bros.	Ирвин Уинклер	#cite_note-64
1992	Молчание ягнят	Orion Pictures	Эдвард Саксон, Кеннет Атт, Рональд Бозман	#cite_note-65
1992	Красавица и Чудовище	Walt Disney	Дон Хан	#cite_note-65
1992	Багси	TriStar Pictures	Барри Левинсон, Уоррен Битти, Марк Джонсон	#cite_note-65
1992	Джон Ф. Кеннеди. Выстрелы в Далласе	Warner Bros.	А. Китман Хо, Оливер Стоун	#cite_note-65
1992	Повелитель приливов	Columbia Pictures	Барбра Стрейзанд, Эндрю С. Карш	#cite_note-65
1993	Непрощённый	Warner Bros.	Клинт Иствуд	#cite_note-66
1993	Жестокая игра	Miramax Films	Стивен Вулли	#cite_note-66
1993	Несколько хороших парней	Columbia Pictures, Castle Rock Entertainment	Роб Райнер, Эндрю Шайнмен, Дэвид Браун	#cite_note-66
1993	Говардс Энд	Sony Pictures Classics	Исмаил Мерчант	#cite_note-66
1993	Запах женщины	Universal Pictures	Мартин Брест	#cite_note-66
1994	Список Шиндлера	Universal Pictures	Стивен Спилберг, Джеральд Молен, Бранко Лустиг	#cite_note-67
1994	Беглец	Warner Bros.	Арнольд Копелсон	#cite_note-67
1994	Во имя отца	Universal Pictures	Джим Шеридан	#cite_note-67
1994	Пианино	Miramax Films	Джейн Кэмпион	#cite_note-67
1994	Остаток дня	Columbia Pictures	Майк Николс, Исмаил Мерчант, Джон Кэлли	#cite_note-67
1995	Форрест Гамп	Paramount Pictures	Венди Финерман, Стив Тиш, Стив Старки	#cite_note-68
1995	Четыре свадьбы и одни похороны	PolyGram Filmed Entertainment, Gramercy	Дункан Кенворси	#cite_note-68
1995	Криминальное чтиво	Miramax Films	Лоуренс Бендер	#cite_note-68
1995	Телевикторина	Hollywood Pictures	Роберт Редфорд, Майкл Нозик, Джулиан Крэйнин, Майкл Джейкобс	#cite_note-68
1995	Побег из Шоушенка	Columbia Pictures, Castle Rock Entertainment	Ники Марвин	#cite_note-68
1996	Храброе сердце	Paramount, Icon Productions, 20th Century Fox	Мел Гибсон, Алан Лэдд мл., Брюс Дэйви	#cite_note-69
1996	Аполлон-13	Universal Pictures, Imagine Entertainment	Брайан Грейзер	#cite_note-69
1996	Бэйб: Четвероногий малыш	Universal Pictures	Билл Миллер, Джордж Миллер, Даг Митчелл	#cite_note-69
1996	Почтальон	Miramax Films	Марио Чекки Гори, Витторио Чекки Гори, Гаэтано Даниэль	#cite_note-69
1996	Разум и чувства	Columbia Pictures	Линдси Доран	#cite_note-69
1997	Английский пациент	Miramax Films	Саул Зейнц	#cite_note-70
1997	Фарго	PolyGram Filmed Entertainment, Gramercy	Итан Коэн	#cite_note-70
1997	Джерри Магуайер	Gracie Films, TriStar Pictures	Джеймс Л. Брукс, Кэмерон Кроу, Лоуренс Марк, Ричард Сакай	#cite_note-70
1997	Тайны и ложь	October Films	Саймон Чэннинг-Уильямс	#cite_note-70
1997	Блеск	Fine Line Features	Джейн Скотт	#cite_note-70
1998	Титаник	Lightstorm Entertainment, 20th Century Fox, Paramount	Джеймс Кэмерон, Джон Ландау	#cite_note-71
1998	Лучше не бывает	TriStar Pictures	Джеймс Л. Брукс, Бриджит Джонсон, Кристи Зи	#cite_note-71
1998	Мужской стриптиз	Fox Searchlight Pictures	Умберто Пасолини	#cite_note-71
1998	Умница Уилл Хантинг	Miramax Films	Лоуренс Бендер	#cite_note-71
1998	Секреты Лос-Анджелеса	Warner Bros.	Кёртис Хэнсон, Арнон Милчэн, Майкл Дж. Натансон	#cite_note-71
1999	Влюблённый Шекспир	Miramax Films, Universal Pictures	Дэвид Парфитт, Донна Джильотти, Харви Вайнштейн, Эдвард Цвик, Марк Норман	#cite_note-72
1999	Елизавета	PolyGram Filmed Entertainment, Gramercy	Элисон Оуэн, Эрик Феллнер, Тим Беван	#cite_note-72
1999	Жизнь прекрасна	Miramax Films	Эльда Ферри, Джанлуиджи Браски	#cite_note-72
1999	Спасти рядового Райана	DreamWorks, Paramount Pictures	Стивен Спилберг, Йен Брайс, Марк Гордон, Гари Левинсон	#cite_note-72
1999	Тонкая красная линия	20th Century Fox	Роберт Майкл Гейслер, Грант Хилл, Джон Робердью	#cite_note-72
2000	Красота по-американски	DreamWorks	Брюс Коэн, Дэн Джинкс	#cite_note-73
2000	Правила виноделов	Miramax Films	Ричард Н. Глэдстайн	#cite_note-73
2000	Зелёная миля	Castle Rock Entertainment, Warner Bros.	Фрэнк Дарабонт, Дэвид Вальдес	#cite_note-73
2000	Свой человек	Touchstone Pictures	Питер Жан Брюгге, Майкл Манн	#cite_note-73
2000	Шестое чувство	Hollywood Pictures	Кэтлин Кеннеди, Фрэнк Маршалл, Бэрри Мендел, М. Найт Шьямалан	#cite_note-73
2001	Гладиатор	DreamWorks, Universal Pictures	Дуглас Уик, Дэвид Францони, Бранко Лустиг	#cite_note-74
2001	Шоколад	Miramax Films	Дэвид Браун, Кит Голден, Лесли Холлеран	#cite_note-74
2001	Крадущийся тигр, затаившийся дракон	Sony Pictures Classics	Уильям Конг, Сю Ли Конг, Энг Ли	#cite_note-74
2001	Эрин Брокович	Universal Pictures, Columbia Pictures	Дэнни Де Вито, Майкл Шэмберг, Стейси Шер	#cite_note-74
2001	Траффик	USA Films	Эдвард Цвик, Маршалл Херсковиц, Лора Бикфорд	#cite_note-74
2002	Игры разума	Universal Pictures, DreamWorks	Брайан Грейзер, Рон Ховард	#cite_note-75
2002	Госфорд-парк	USA Films	Роберт Олтмен, Боб Балабан, Дэвид Леви	#cite_note-75
2002	В спальне	Miramax Films	Росс Катц, Тодд Филд, Грэхэм Лидер	#cite_note-75
2002	Властелин колец: Братство Кольца	New Line Cinema	Питер Джексон, Фрэн Уолш, Барри М. Осборн	#cite_note-75
2002	Мулен Руж	20th Century Fox	Мартин Браун, Баз Лурман, Фрэд Барон	#cite_note-75
2003	Чикаго	Miramax Films	Мартин Ричардс	#cite_note-76
2003	Банды Нью-Йорка	Miramax Films	Харви Вайнштейн, Альберто Гримальди	#cite_note-76
2003	Часы	Paramount Pictures, Miramax	Роберт Фокс, Скотт Рудин	#cite_note-76
2003	Властелин колец: Две крепости	New Line Cinema	Питер Джексон, Фрэн Уолш, Барри М. Осборн	#cite_note-76
2003	Пианист	Focus Features	Роман Полански, Ален Сард, Роберт Бенмусса	#cite_note-76
2004	Властелин колец: Возвращение короля	New Line Cinema	Питер Джексон, Фрэн Уолш, Барри М. Осборн	#cite_note-77
2004	Трудности перевода	Focus Features	Росс Катц	#cite_note-77
2004	Хозяин морей: На краю земли	20th Century Fox, Miramax Films, Universal Pictures	Сэмюэл Голдвин мл., Питер Уир, Дункан Хендерсон	#cite_note-77
2004	Таинственная река	Warner Bros.	Роберт Лоренц, Клинт Иствуд, Джуди Хойт	#cite_note-77
2004	Фаворит	Universal Pictures, DreamWorks	Кэтлин Кеннеди, Фрэнк Маршалл, Гэри Росс	#cite_note-77
2005	Малышка на миллион	Warner Bros.	Клинт Иствуд, Альберт С. Радди, Том Розенберг	#cite_note-78
2005	Авиатор	Warner Bros., Miramax Films	Майкл Манн, Грэм Кинг	#cite_note-78
2005	Волшебная страна	Miramax Films	Ричард Н. Глэдстайн, Нелли Беллфлауэр	#cite_note-78
2005	Рэй	Universal Pictures	Тэйлор Хэкфорд, Стюарт Бенджамин, Ховард Болдуин	#cite_note-78
2005	На обочине	Fox Searchlight	Майкл Лондон	#cite_note-78
2006	Столкновение	Lions Gate Entertainment	Пол Хаггис, Кэти Шульман	#cite_note-79
2006	Горбатая гора	Focus Features	Дайана Оссана, Джеймс Шамус, Ларри МакМёрти	#cite_note-79
2006	Капоте	United Artists	Уильям Винс, Майкл Охоувен, Кэролайн Барон	#cite_note-79
2006	Доброй ночи и удачи	Warner Bros.	Грант Хеслов	#cite_note-79
2006	Мюнхен	DreamWorks, Universal Pictures	Стивен Спилберг, Кэтлин Кеннеди, Барри Мендель	#cite_note-79
2007	Отступники	Warner Bros.	Грэм Кинг	#cite_note-80
2007	Вавилон	Paramount Vantage	Алехандро Гонсалес Иньярриту, Стив Голин, Джон Килик	#cite_note-80
2007	Письма с Иводзимы	Warner Bros.	Клинт Иствуд, Стивен Спилберг, Роберт Лоренц	#cite_note-80
2007	Маленькая мисс Счастье	Fox Searchlight	Дэвид Френдли, Питер Сараф, Марк Тёртлтауб	#cite_note-80
2007	Королева	Miramax Films	Энди Харрис, Кристин Ланган, Трэйси Сиуорд	#cite_note-80
2008	Старикам тут не место	Miramax Films, Paramount Vantage	Скотт Рудин, Итан Коэн, Джоэл Коэн	#cite_note-81
2008	Искупление	Focus Features	Тим Беван, Эрик Феллнер, Пол Уэбстер	#cite_note-81
2008	Джуно	Fox Searchlight	Лианна Хэлфон, Мэйсон Новик, Рассел Смит, Джон Малкович	#cite_note-81
2008	Майкл Клейтон	Warner Bros.	Дженнифер Фокс, Сидни Поллак, Орент, Керри	#cite_note-81
2008	Нефть	Paramount Vantage, Miramax Films	Пол Томас Андерсон, Дэниэл Лупи, ДжоЭнн Селлар	#cite_note-81
2009	Миллионер из трущоб	Fox Searchlight, Warner Bros.	Кристиан Колсон	#cite_note-82
2009	Загадочная история Бенджамина Баттона	Paramount Pictures, Warner Bros.	Кэтлин Кеннеди, Фрэнк Маршалл, Син Чэффин	#cite_note-82
2009	Фрост против Никсона	Universal Pictures	Рон Ховард, Брайан Грейзер, Эрик Феллнер	#cite_note-82
2009	Харви Милк	Focus Features	Брюс Коэн, Дэн Джинкс	#cite_note-82
2009	Чтец	The Weinstein Company	Энтони Мингелла, Сидни Поллак, Донна Джильотти, Редмонд Моррис	#cite_note-82
2010	Повелитель бури	Summit Entertainment	Кэтрин Бигелоу, Марк Боал, Николас Шартье, Грег Шапиро	#cite_note-83
2010	Аватар	Lightstorm Entertainment, 20th Century Fox	Джеймс Кэмерон, Джон Ландау	#cite_note-83
2010	Невидимая сторона	Warner Bros.	Джил Неттер, Эндрю Косов, Бродерик Джонсон	#cite_note-83
2010	Район № 9	TriStar Pictures	Питер Джексон, Кэролинн Каннингем	#cite_note-83
2010	Воспитание чувств	Sony Pictures Classics	Финола Двайер, Аманда Поузи	#cite_note-83
2010	Бесславные ублюдки	The Weinstein Company, Universal Pictures	Лоуренс Бендер	#cite_note-83
2010	Сокровище	Lions Gate Entertainment	Ли Дэниелс, Сара Сигел-Магнесс, Гари Магнесс	#cite_note-83
2010	Серьёзный человек	Focus Features	Братья Коэны	#cite_note-83
2010	Вверх	Walt Disney, Pixar	Джонас Ривера	#cite_note-83
2010	Мне бы в небо	Paramount Pictures	Дэниэл Дубицки, Айван Райтман, Джейсон Райтман	#cite_note-83
2011	Король говорит!	The Weinstein Company	Эмиль Шерман, Йен Каннинг, Гарет Анвин	#cite_note-84
2011	Чёрный лебедь	Fox Searchlight Pictures	Скотт Фрэнклин, Майк Медавой, Брайан Оливер	#cite_note-84
2011	Боец	Paramount Pictures	Дэвид Хоберман, Тодд Либерман, Марк Уолберг	#cite_note-84
2011	Начало	Warner Bros.	Кристофер Нолан, Эмма Томас	#cite_note-84
2011	Детки в порядке	Focus Features	Гари Гилберт, Джеффри Леви-Хайнт, Селин Рэттрэй	#cite_note-84
2011	127 часов	Fox Searchlight Pictures	Дэнни Бойл, Джон Смитсон, Кристиан Колсон	#cite_note-84
2011	Социальная сеть	Columbia Pictures	Дана Брунетти, Шон Чаффин, Скотт Рудин, Майкл Де Лука	#cite_note-84
2011	История игрушек: Большой побег	Walt Disney, Pixar	Дарла Андерсон	#cite_note-84
2011	Железная хватка	Paramount Pictures	Братья Коэны, Скотт Рудин	#cite_note-84
2011	Зимняя кость	Roadside Attractions	Аликс Мэдиган, Энн Роселлини	#cite_note-84
2012	Артист	The Weinstein Company	Тома Лангманн	#cite_note-85
2012	Потомки	Fox Searchlight Pictures	Джим Берк, Александр Пэйн, Джим Тейлор	#cite_note-85
2012	Жутко громко и запредельно близко	Warner Bros.	Скотт Рудин	#cite_note-85
2012	Прислуга	Touchstone Pictures, DreamWorks	Брюнсон Грин, Крис Коламбус, Майкл Барнатан	#cite_note-85
2012	Хранитель времени	Paramount Pictures	Грэм Кинг, Мартин Скорсезе	#cite_note-85
2012	Полночь в Париже	Sony Pictures Classics	Летти Аронсон, Стивен Тененбаум	#cite_note-85
2012	Человек, который изменил всё	Columbia Pictures	Майкл Де Лука, Брэд Питт, Рэйчел Хоровитц	#cite_note-85
2012	Древо жизни	Fox Searchlight Pictures	Сара Грин, Билл Полад, Деде Гарднер, Грант Хилл	#cite_note-85
2012	Боевой конь	Touchstone Pictures, DreamWorks	Стивен Спилберг, Кэтлин Кеннеди	#cite_note-85
2013	Операция „Арго“	Warner Bros.	Грант Хеслов, Бен Аффлек, Джордж Клуни	#cite_note-86
2013	Любовь	Les Films du Losange, X Filme Creative Pool, Wega Film Production	Маргарет Менегоз, Штефан Арндт, Файт Хайдушка, Михаэль Кац	#cite_note-86
2013	Звери дикого Юга	Fox Searchlight Pictures	Дэн Джанви, Джош Пенн, Майкл Готтвальд	#cite_note-86
2013	Джанго освобождённый	The Weinstein Company, Columbia Pictures	Стейси Шер, Реджинальд Хадлин, Пилар Савон	#cite_note-86
2013	Отверженные	Universal Studios, Working Title Films	Тим Беван, Эрик Феллнер, Дебра Хэйуорд, Камерон Макинтош	#cite_note-86
2013	Жизнь Пи	20th Century Fox	Джил Неттер, Энг Ли, Дэвид Уомарк	#cite_note-86
2013	Линкольн	DreamWorks, Touchstone, 20th Century Fox	Стивен Спилберг, Кэтлин Кеннеди	#cite_note-86
2013	Мой парень — псих	The Weinstein Company	Донна Джильотти, Брюс Коэн, Джонатан Гордон	#cite_note-86
2013	Цель номер один	Columbia Pictures	Марк Боал, Кэтрин Бигелоу, Меган Эллисон	#cite_note-86
2014	12 лет рабства	Fox Searchlight Pictures	Брэд Питт, Деде Гарднер, Джереми Клейнер, Стив Маккуин, Энтони Катагас	#cite_note-87
2014	Афера по-американски	Columbia Pictures	Чарльз Ровен, Ричард Сакл, Меган Эллисон, Джонатан Гордон	#cite_note-87
2014	Капитан Филлипс	Columbia Pictures	Скотт Рудин, Дэна Брунетти, Майкл Де Лука	#cite_note-87
2014	Далласский клуб покупателей	Focus Features	Робби Бреннер, Рэйчел Винтер	#cite_note-87
2014	Гравитация	Warner Bros.	Альфонсо Куарон, Дэвид Хейман	#cite_note-87
2014	Она	Warner Bros.	Меган Эллисон, Спайк Джонз, Винсент Ландэй	#cite_note-87
2014	Небраска	Paramount Vantage	Альберт Бергер, Рон Йеркса	#cite_note-87
2014	Филомена	The Weinstein Company	Габриэлла Тана, Стив Куган, Трэйси Сиуорд	#cite_note-87
2014	Волк с Уолл-стрит	Paramount Pictures	Леонардо Ди Каприо, Мартин Скорсезе, Риза Азиз	#cite_note-87
2015	Бёрдмэн	Fox Searchlight Pictures	Алехандро Г. Иньярриту, Джон Лешер и Джеймс В. Скотчдопоул	#cite_note-88
2015	Снайпер	Warner Bros.	Клинт Иствуд, Роберт Лоренц, Эндрю Лазар, Брэдли Купер и Питер Морган	#cite_note-88
2015	Отрочество	IFC Films	Ричард Линклейтер и Кэтлин Сазерленд	#cite_note-88
2015	Отель „Гранд Будапешт“	Fox Searchlight Pictures	Уэс Андерсон, Скотт Рудин, Стивен Рэйлс, Джереми Доусон	#cite_note-88
2015	Игра в имитацию	The Weinstein Company	Нора Гроссман, Идо Островски, Тедди Шварцман	#cite_note-88
2015	Сельма	Paramount Pictures	Кристиан Колсон, Опра Уинфри, Деде Гарднер и Джереми Клейнер	#cite_note-88
2015	Теория всего	Universal Pictures	Тим Беван, Эрик Фелнер, Лиза Брюс, Энтони Маккартен	#cite_note-88
2015	Одержимость	Sony Pictures Classics	Джейсон Блум, Хелен Эстрабрук, Дэвид Ланкастер	#cite_note-88
2016	В центре внимания	Open Road Films, Anonymous Content, First Look Media, Participant Media, Rocklin / Faust	Майкл Шуга, Стив Голин, Николь Роклин и Блай Пэгон Фауст	nan
2016	Игра на понижение	Paramount Pictures	Брэд Питт, Деде Гарднер и Джереми Клейнер	nan
2016	Шпионский мост	Touchstone Pictures, DreamWorks, 20th Century Fox	Стивен Спилберг, Марк Э. Платт и Кристи Макоско Кригер	nan
2016	Бруклин	Fox Searchlight Pictures, Wildgaze Films, Parallel Film Productions, Irish Film Board, Item 7	Финола Двайер и Аманда Пози	nan
2016	Безумный Макс: Дорога ярости	Warner Bros., Kennedy Miller Productions	Даг Митчелл и Джордж Миллер	nan
2016	Марсианин	20th Century Fox	Саймон Кинберг, Ридли Скотт, Майкл Шефер и Марк Хаффам	nan
2016	Выживший	20th Century Fox, Regency Enterprises, Anonymous Content, RatPac Entertainment	Арнон Милчен, Стив Голин, Алехандро Г. Иньярриту, Мэри Пэрент и Кит Рэдмон	nan
2016	Комната	A24, Element Pictures, No Trace Camping	Эд Гини	nan
2017	Лунный свет	A24, Plan B Entertainment	Адель Романски, Деде Гарднер и Джереми Клейнер	nan
2017	Прибытие	Paramount Pictures, FilmNation Entertainment, Lava Bear Films, 21 Laps Entertainment	Шон Леви, Дэн Ливайн, Аарон Райдер и Дэвид Линд	nan
2017	Ограды	Paramount Pictures, Bron Creative, Macro Media, Scott Rudin Productions	Скотт Рудин, Дензел Вашингтон и Тодд Блэк	nan
2017	По соображениям совести	Summit Entertainment, Lionsgate, Pandemonium Films, Permut Productions, Vendian Entertainment, Kylin Pictures	Билл Микэник и Дэвид Пермут	nan
2017	Любой ценой	Lionsgate, Sidney Kimmel Entertainment	Карла Хэкен и Джули Йорн	nan
2017	Скрытые фигуры	20th Century Fox, Chernin Entertainment, Levantine Films	Донна Джильотти, Питер Чернин, Дженно Топпинг, Фаррелл Уильямс и Тед Мелфи	nan
2017	Ла-Ла Ленд	Summit Entertainment, Black Label Media, Gilbert Films, Impostor Pictures, Marc Platt Productions	Фред Бергер, Джордан Хоровиц и Марк Платт	nan
2017	Лев	The Weinstein Company, See-Saw Films, Aquarius Films, Screen Australia, Sunstar Entertainment, Cross City	Эмиль Шерман, Иэн Каннинг и Энджи Филдер	nan
2017	Манчестер у моря	Roadside Attractions, Amazon Studios, K Period Media, B Story, CMP, Pearl Street Films	Мэтт Деймон, Кимберли Стюард, Крис Мур, Лорен Бек и Кевин Дж. Уолш	nan
2018	Форма воды	Fox Searchlight Pictures, TSG Entertainment, Double Dare You Productions	Гильермо дель Торо и Дж. Майлз Дэйл	nan
2018	Зови меня своим именем	Sony Pictures Classics, Frenesy Film Company, La Cinéfacture, RT Features, Water’s End Productions	Питер Спирс, Лука Гуаданьино, Эмили Жорж и Марко Морабито	nan
2018	Тёмные времена	Focus Features, Working Title, Perfect World Pictures	Тим Беван, Эрик Феллнер, Лиза Брюс, Энтони Маккартен и Дуглас Урбански	nan
2018	Дюнкерк	Warner Bros., Syncopy Inc.	Эмма Томас и Кристофер Нолан	nan
2018	Прочь	Universal Studios, Blumhouse Productions, Monkeypaw Productions, QC Entertainment	Шон Маккиттрик, Джейсон Блум, Эдвард Х. Хэмм мл. и Джордан Пил	nan
2018	Леди Бёрд	A24, Scott Rudin Productions, Management 360, IAC Films	Скотт Рудин, Эли Буш и Эвелин О’Нилл	nan
2018	Призрачная нить	Focus Features, Annapurna Pictures, Ghoulardi Film Company, Perfect World Pictures	Джоэнн Селлар, Пол Томас Андерсон, Меган Эллисон и Дэниэл Лупи	nan
2018	Секретное досье	20th Century Fox, Universal Studios, DreamWorks, Amblin Entertainment, Pascal Pictures, Participant Media	Эми Паскаль, Стивен Спилберг и Кристи Макоско Кригер	nan
2018	Три билборда на границе Эббинга, Миссури	Fox Searchlight Pictures, Blueprint Pictures, Film4 Productions, Cutting Edge Group	Грэм Бродбент, Пит Чернин и Мартин Макдонах	nan
2019	Зелёная книга		Джим Берк, Чарльз Б. Весслер, Брайан Карри, Питер Фаррелли и Ник Валлелонга	nan
2019	Чёрная Пантера		Кевин Файги	nan
2019	Чёрный клановец		Шон Маккиттрик, Джейсон Блум, Рэймонд Мэнсфилд, Джордан Пил и Спайк Ли	nan
2019	Богемская рапсодия		Грэм Кинг	nan
2019	Фаворитка		Сеси Демпси, Эд Гини, Ли Магидэй и Йоргос Лантимос	nan
2019	Рома		Габриела Родригес и Альфонсо Куарон	nan
2019	Звезда родилась		Билл Гербер, Брэдли Купер и Линетт Хауэлл Тейлор	nan
2019	Власть		Деде Гарднер, Джереми Клейнер, Адам Маккей и Кевин Дж. Мессик	nan
2020	Паразиты		Квак Щин-э и Пон Чжун Хо	nan
2020	Ford против Ferrari		Питер Чернин, Дженно Топпинг и Джеймс Мэнголд	nan
2020	Ирландец		Мартин Скорсезе, Роберт Де Ниро, Джейн Розенталь и Эмма Тиллинджер Коскофф	nan
2020	Кролик Джоджо		Кэртхью Нил и Тайка Вайтити	nan
2020	Джокер		Тодд Филлипс, Брэдли Купер и Эмма Тиллинджер Коскофф	nan
2020	Маленькие женщины		Эми Паскаль	nan
2020	Брачная история		Ноа Баумбах и Дэвид Хейман	nan
2020	1917		Сэм Мендес, Пиппа Харрис, Джейн‑Энн Тенггрен и Каллум Макдугалл	nan
2020	Однажды в Голливуде		Дэвид Хейман, Шеннон Макинтош и Квентин Тарантино	nan
